<?xml version='1.0' encoding='utf-8' standalone='yes' ?>
<map>
    <int name="_tutorialStep" value="40" />
    <int name="CMCurBattleCounter" value="0" />
    <int name="CurrentEndlessWave" value="0" />
    <int name="HaveTrialMissionInDay" value="0" />
    <int name="trk_totalAidKitUsed" value="0" />
    <string name="noel2017claimfrankensteinreward"></string>
    <int name="trk_totalChallengePlayedCounter" value="2" />
    <string name="questReceivedStatus">1%3ATrue%7C2%3ATrue%7C3%3ATrue%7C4%3ATrue%7C5%3ATrue%7C6%3ATrue%7C7%3ATrue%7C8%3ATrue%7C9%3ATrue%7C10%3ATrue%7C11%3ATrue%7C12%3AFalse%7C13%3AFalse%7C14%3AFalse%7C15%3AFalse%7C16%3AFalse%7C17%3AFalse%7C18%3AFalse%7C19%3AFalse%7C20%3AFalse%7C21%3AFalse%7C22%3AFalse%7C23%3AFalse%7C24%3AFalse%7C25%3AFalse%7C26%3AFalse%7C27%3AFalse%7C28%3AFalse%7C29%3AFalse%7C30%3AFalse%7C31%3AFalse%7C32%3AFalse%7C33%3AFalse%7C34%3AFalse%7C35%3AFalse%7C36%3AFalse%7C37%3AFalse%7C38%3AFalse%7C39%3AFalse%7C40%3AFalse%7C41%3AFalse%7C42%3AFalse%7C43%3AFalse%7C44%3AFalse%7C45%3AFalse%7C46%3AFalse%7C47%3AFalse%7C48%3AFalse%7C49%3AFalse%7C50%3AFalse%7C51%3AFalse%7C52%3AFalse%7C53%3AFalse%7C54%3AFalse%7C55%3AFalse%7C56%3AFalse%7C57%3AFalse%7C58%3AFalse%7C59%3AFalse%7C60%3AFalse%7C61%3AFalse%7C62%3AFalse%7C63%3AFalse%7C64%3AFalse%7C65%3AFalse%7C66%3AFalse%7C67%3AFalse%7C68%3AFalse%7C69%3AFalse%7C70%3AFalse%7C71%3AFalse%7C72%3AFalse%7C73%3AFalse%7C74%3AFalse%7C75%3AFalse%7C76%3AFalse%7C77%3AFalse%7C78%3AFalse%7C79%3AFalse%7C80%3AFalse%7C81%3AFalse%7C82%3AFalse%7C83%3AFalse%7C84%3AFalse%7C85%3AFalse%7C86%3AFalse%7C87%3AFalse%7C88%3AFalse%7C89%3AFalse%7C90%3AFalse%7C91%3AFalse%7C92%3AFalse%7C93%3AFalse%7C94%3AFalse%7C95%3AFalse%7C96%3AFalse%7C97%3AFalse%7C98%3AFalse%7C99%3AFalse%7C100%3AFalse%7C101%3AFalse%7C102%3AFalse%7C103%3AFalse%7C104%3AFalse%7C105%3AFalse%7C106%3AFalse%7C107%3AFalse%7C108%3AFalse%7C109%3AFalse%7C110%3AFalse%7C111%3AFalse%7C112%3AFalse%7C113%3AFalse%7C114%3AFalse%7C115%3AFalse%7C116%3AFalse%7C117%3AFalse%7C118%3AFalse%7C119%3AFalse%7C120%3AFalse%7C121%3AFalse%7C122%3AFalse%7C123%3AFalse%7C124%3AFalse%7C125%3AFalse%7C126%3AFalse%7C127%3AFalse%7C128%3AFalse%7C129%3AFalse%7C130%3AFalse%7C131%3AFalse%7C132%3AFalse%7C133%3AFalse%7C134%3AFalse%7C135%3AFalse%7C136%3AFalse%7C137%3AFalse%7C138%3AFalse%7C139%3AFalse%7C140%3AFalse%7C141%3AFalse%7C142%3AFalse%7C143%3AFalse%7C144%3AFalse%7C145%3AFalse%7C146%3AFalse%7C147%3AFalse%7C148%3AFalse%7C149%3AFalse%7C150%3AFalse%7C151%3AFalse%7C152%3AFalse%7C153%3AFalse%7C154%3AFalse%7C155%3AFalse%7C156%3AFalse%7C157%3AFalse%7C158%3AFalse%7C159%3AFalse%7C160%3AFalse%7C161%3AFalse%7C162%3AFalse%7C163%3AFalse%7C164%3AFalse%7C165%3AFalse%7C166%3AFalse%7C167%3AFalse%7C168%3AFalse%7C169%3AFalse%7C170%3AFalse%7C171%3AFalse%7C172%3AFalse%7C173%3AFalse%7C174%3AFalse%7C175%3AFalse%7C176%3AFalse%7C177%3AFalse%7C178%3AFalse%7C179%3AFalse%7C180%3AFalse%7C181%3AFalse%7C182%3AFalse%7C183%3AFalse%7C184%3AFalse%7C185%3AFalse%7C186%3AFalse%7C187%3AFalse%7C188%3AFalse%7C189%3AFalse%7C190%3AFalse%7C191%3AFalse%7C192%3AFalse%7C193%3AFalse%7C194%3AFalse%7C195%3AFalse%7C196%3AFalse%7C197%3AFalse%7C198%3AFalse%7C199%3AFalse%7C200%3AFalse%7C201%3AFalse%7C202%3AFalse%7C203%3AFalse%7C204%3AFalse%7C205%3AFalse%7C206%3AFalse%7C207%3AFalse%7C208%3AFalse%7C209%3AFalse%7C210%3AFalse%7C211%3AFalse%7C212%3AFalse%7C213%3AFalse%7C214%3AFalse%7C215%3AFalse%7C216%3AFalse%7C217%3AFalse%7C219%3AFalse%7C220%3AFalse%7C221%3AFalse%7C222%3AFalse%7C223%3AFalse%7C224%3AFalse%7C225%3AFalse%7C226%3AFalse%7C227%3AFalse%7C228%3AFalse%7C229%3AFalse%7C230%3AFalse%7C231%3AFalse%7C232%3AFalse%7C233%3AFalse%7C234%3AFalse%7C235%3AFalse%7C236%3AFalse%7C237%3AFalse%7C238%3AFalse%7C239%3AFalse%7C240%3AFalse%7C241%3AFalse%7C242%3AFalse%7C243%3AFalse%7C244%3AFalse%7C245%3AFalse%7C246%3AFalse%7C247%3AFalse%7C248%3AFalse%7C249%3AFalse%7C250%3AFalse%7C251%3AFalse%7C252%3AFalse%7C253%3AFalse%7C254%3AFalse%7C255%3AFalse%7C256%3AFalse%7C257%3AFalse%7C258%3AFalse%7C259%3AFalse%7C260%3AFalse%7C261%3AFalse%7C262%3AFalse%7C263%3AFalse%7C264%3AFalse%7C265%3AFalse%7C266%3AFalse%7C267%3AFalse%7C268%3AFalse%7C269%3AFalse%7C270%3AFalse%7C271%3AFalse%7C272%3AFalse%7C273%3AFalse%7C274%3AFalse%7C275%3AFalse%7C276%3AFalse%7C277%3AFalse%7C278%3AFalse%7C279%3AFalse%7C280%3AFalse%7C</string>
    <string name="questMissionData">10%3A10%3B23%3B1%3B0%3B0%3B9%3B666%3BFalse%3B3%7C11%3A11%3B10%3B3%3B0%3B0%3B-1%3B2000%3BFalse%3B2%7C7%3A7%3B12%3B160%3B140%3B0%3B-1%3B1333%3BFalse%3B3%7C</string>
    <string name="ggid"></string>
    <int name="isLoginGoogle" value="0" />
    <string name="timeSaleBoostEnd">0</string>
    <string name="fbid"></string>
    <int name="aidKitCount" value="999999999" />
    <int name="trk_totalGolds" value="0" />
    <int name="triggerInterstitialAdsStart" value="1" />
    <int name="isNotifyGunRepaired" value="1" />
    <int name="playingSession" value="14" />
    <int name="isFeedBackSniper" value="0" />
    <int name="isPurchasedGold" value="0" />
    <string name="equipedItems">0%7C7%7C1%7C8%7C</string>
    <int name="_curArmor" value="1" />
    <int name="FirstTimeChallengeMission" value="0" />
    <int name="isGet7DayOffReward" value="0" />
    <int name="curLevelBossMission" value="1" />
    <int name="SessionId" value="5" />
    <int name="XP" value="0" />
    <int name="trk_totalRebornCounter" value="0" />
    <int name="playBatleTime" value="6" />
    <int name="skipEventPopupToday" value="0" />
    <int name="NumberOf50Pack" value="0" />
    <string name="armor">1%7C1%7C20%7C</string>
    <int name="noel2017frankensteinscore" value="0" />
    <int name="showBAdsFreeUserCounter" value="0" />
    <int name="noel2017SilverBO" value="0" />
    <int name="showDamageType" value="0" />
    <int name="trk_totalCashes" value="0" />
    <int name="CurMissionSniper" value="1" />
    <string name="questLoopCount"></string>
    <int name="lifeIAPCounter" value="0" />
    <int name="noel2017frankensteinbattleid" value="0" />
    <string name="remainFreeSpinTime">0%7C0%7C0%7C</string>
    <int name="isAutoBuyAmmo" value="1" />
    <int name="SkipTracking" value="1" />
    <int name="isSynchonized" value="0" />
    <int name="BMDataVersion" value="6" />
    <string name="otherInviterList"></string>
    <string name="FriendInvited"></string>
    <int name="currSkull" value="2" />
    <int name="noel2017hadGetLoginReward" value="0" />
    <int name="numPeopleInvited" value="0" />
    <string name="listBattleWaitInit"></string>
    <int name="CurrentBonusEndlessWave" value="0" />
    <int name="grenadesCount" value="1000000001" />
    <int name="curHandSkin" value="0" />
    <string name="payMoney">iDA%2FE9J7yBZe8pAgBLlnJQ%3D%3D</string>
    <string name="inventory">2%7C15%7C1%7C3%7C9%7C13%7C4%7C3%7C3%7C3%7C7%7C3%7C10%7C3%7C5%7C3%7C11%7C3%7C8%7C3%7C13%7C3%7C12%7C3%7C14%7C3%7C15%7C3%7C16%7C3%7C</string>
    <int name="numOfOtherFriend" value="0" />
    <string name="Language">English</string>
    <int name="purchasedCount" value="0" />
    <int name="playingFailed" value="0" />
    <string name="getRewardsFriendsInfo">0%7C0%7C0%7C0%7C</string>
    <int name="dayHaveBonusMission" value="0" />
    <float name="highScoreAR" value="0.0" />
    <string name="playFreeSpinCounter">0%7C0%7C0%7C</string>
    <string name="boughtMoneyCount"></string>
    <int name="isShowedStarterPack" value="0" />
    <int name="userType" value="0" />
    <int name="moneyGameRewardLimit" value="0" />
    <int name="isFirstPurchase" value="0" />
    <string name="achievementLoopCount"></string>
    <int name="isNotifyPromoPack" value="1" />
    <int name="isGet14DayOffReward" value="1" />
    <int name="FirstTimeShowUnlockEndless" value="1" />
    <int name="IsFirstIAPSession" value="1" />
    <int name="crtIdSpecialCashPack" value="-1" />
    <int name="UnityGraphicsQuality" value="0" />
    <string name="boughtLimitedPacks"></string>
    <int name="CMCheatTimeUser" value="0" />
    <float name="sensitivity" value="1.0" />
    <string name="EndlessGunUsed_v2"></string>
    <string name="eventItems"></string>
    <int name="FirstTimeEndlessMission" value="1" />
    <string name="CMTimeRChargeMarker">0</string>
    <string name="gunSkinInfo"></string>
    <string name="inventoryBoostItemTrialReason"></string>
    <string name="serverTimeStartDailyPacks"></string>
    <string name="currAchievementData">1%3A180%7C2%3A0%7C5%3A105%7C6%3A38%7C7%3A4%7C9%3A0%7C10%3A692%7C12%3A0%7C13%3A0%7C14%3A2%7C15%3A0%7C16%3A60%7C17%3A0%7C18%3A9%7C19%3A1%7C21%3A23%7C20%3A0%7C22%3A15%7C23%3A7%7C24%3A0%7C102%3A0%7C101%3A0%7C109%3A0%7C104%3A0%7C103%3A0%7C107%3A0%7C110%3A0%7C105%3A0%7C115%3A0%7C111%3A0%7C114%3A0%7C108%3A0%7C113%3A0%7C112%3A0%7C116%3A3%7C</string>
    <string name="playingTimeInMin">29</string>
    <string name="unlockinventory">2%7C1%7C1%7C2%7C9%7C2%7C4%7C2%7C3%7C2%7C7%7C2%7C10%7C2%7C5%7C2%7C11%7C2%7C8%7C2%7C13%7C2%7C12%7C2%7C14%7C3%7C15%7C3%7C16%7C3%7C</string>
    <string name="dicMissionV2">16%7C5%7C3%7C16%7C12%7C6%7C3%7C12%7C</string>
    <string name="EndlessGunUsed"></string>
    <int name="isNotifyDaily" value="1" />
    <int name="isRate5OK" value="0" />
    <int name="curIndexMission" value="6" />
    <int name="_tutorialStep3" value="1" />
    <int name="_tutorialStep2" value="1" />
    <int name="_tutorialStep3Act" value="0" />
    <int name="numShowWorldMapOffer" value="0" />
    <string name="TimeRefreshRewardEndless">0</string>
    <int name="_tutorialStep2Act" value="0" />
    <string name="boughtPromoPack"></string>
    <int name="isUseNotification" value="1" />
    <int name="IsNewAdsWordMap" value="1" />
    <float name="realTimeLockGiftCode" value="0.0" />
    <int name="showBAdsPaidUserCounter" value="0" />
    <int name="isNotifyEvent" value="1" />
    <string name="gameMoney">nN8RZdxGlGAOgTx4Thi5fQ%3D%3D</string>
    <string name="twid"></string>
    <string name="dataPreviewZombie">%5B14%5D%5B1%5D</string>
    <int name="CurrentBoxBonusEndlessWave" value="0" />
    <float name="purchasedMoney" value="0.0" />
    <int name="FirstTimeShowUnlockGunTrial" value="1" />
    <int name="isFirstInvited" value="0" />
    <int name="enterGiftCodeFailed" value="0" />
    <string name="DateTriggerMission">0</string>
    <int name="NewUserVersion" value="8" />
    <string name="TimeServerRefreshRewardEndless">0</string>
    <string name="usedGiftCode"></string>
    <int name="levelQuestMission" value="3" />
    <string name="challengeMode_missions"></string>
    <int name="isEnableSoundBG" value="1" />
    <string name="lastTimeFreeSpin">0%7C0%7C0%7C</string>
    <string name="inventoryBoostItem">6%7C1000003%7C4%7C13%7C5%7C0%7C2%7C1000007%7C3%7C1000003%7C1%7C1%7C0%7C1%7C7%7C0%7C</string>
    <int name="isEnableSoundEffect" value="1" />
    <int name="FirstTimeGunTrial" value="1" />
    <int name="countBattleInit" value="2" />
    <int name="tapjoyMoney" value="0" />
    <int name="idBoostSale" value="-1" />
    <int name="IsG10FriendFb" value="0" />
    <int name="playGoldSpinTime" value="0" />
    <int name="userType_v2" value="0" />
    <int name="trk_totalSkipQuest" value="0" />
    <int name="curPromo" value="1" />
    <int name="watchedVideoCount" value="0" />
    <int name="isNotifyDailyQuest" value="1" />
    <int name="TrialAK47" value="1" />
    <string name="inventoryOverHeat">12%7C165520444%7C8%7C165520578%7C2%7C188867740%7C</string>
    <int name="CurrentEndlessZombieKilled" value="0" />
    <string name="noel2017skinPackListPurchased"></string>
    <string name="noel2017tokens">0</string>
    <int name="trk_totalEndlessPlayedCounter" value="0" />
    <int name="isBoughtStarterPack" value="0" />
    <string name="prevPurchased"></string>
    <string name="boughtRecommendPack"></string>
    <string name="ammoInventory">2%7C266%7C1%7C2134%7C9%7C1210%7C4%7C3050%7C3%7C1245%7C7%7C2430%7C10%7C1280%7C5%7C2400%7C11%7C15100%7C8%7C26643%7C13%7C1440%7C12%7C4756%7C14%7C3430%7C15%7C441%7C16%7C100%7C</string>
    <string name="lastTimeWaitPromoPack">636518739052281620</string>
    <string name="CMCurGunName"></string>
    <int name="curGiftGot" value="2574" />
    <int name="isReceiveGoldInvited" value="0" />
    <int name="curPromoRepeat" value="1" />
    <int name="dayFirstGetGift" value="2573" />
    <string name="timeSaleEnd">0</string>
    <int name="GPGSAutoLogin" value="3" />
    <string name="inventoryBoostItemTimeOfPlay"></string>
    <int name="countClickAR" value="0" />
    <string name="dailyQuestData">0%3A1%3A3%3B5118%3B-1%3B5%3B0%3B0%3B1500%3B0%3B1%3B0%7C9%3B5124%3B-1%3B1%3B0%3B0%3B1500%3B0%3B1%3B0%7C22%3B5137%3B-1%3B1%3B0%3B0%3B3000%3B0%3B2%3B0%7C31%3B5146%3B89%3B1%3B0%3B0%3B3000%3B0%3B2%3B0%7C43%3B5158%3B-1%3B1%3B0%3B0%3B0%3B1%3B3%3B0%7C44%3B5159%3B-1%3B5%3B0%3B0%3B0%3B5%3B1%3B0%7C45%3B5160%3B-1%3B1%3B0%3B0%3B6500%3B0%3B1%3B0%7C</string>
    <string name="lastTimeOpenStarterPack">0</string>
    <string name="countryCode2"></string>
    <int name="isGet3DayOffReward" value="0" />
    <int name="level" value="3" />
    <int name="noel2017GoldBO" value="0" />
    <int name="curPromo_v2" value="5" />
    <string name="localTimeLastDailyPacks"></string>
    <string name="gunSkinData">M1911%7C2%3B0%3B1%3A0%3A%7CMP5%7C1%3B0%3B1%3A100%3A%7CM3S90%7C9%3B0%3B1%3A100%3A%7CP90%7C4%3B6%3B1%3A200%3A2%3A200%3A3%3A200%3A4%3A200%3A5%3A200%3A6%3A200%3A%7CMagnum%7C3%3B6%3B1%3A200%3A2%3A200%3A3%3A200%3A4%3A200%3A5%3A200%3A6%3A200%3A7%3A200%3A8%3A200%3A9%3A200%3A10%3A200%3A%7CXM1014%7C7%3B0%3B1%3A200%3A2%3A200%3A3%3A200%3A4%3A200%3A5%3A200%3A6%3A200%3A7%3A200%3A8%3A200%3A%7CAK47%7C10%3B0%3B1%3A200%3A2%3A200%3A3%3A200%3A%7CFlameThrower%7C5%3B1%3B1%3A200%3A2%3A200%3A3%3A200%3A4%3A200%3A%7CMc%20Milan%20CS5%7C15%3B0%3B%7CM249%7C11%3B0%3B%7CLaser%7C14%3B1%3B1%3A200%3A%7CMinigun%7C8%3B4%3B1%3A200%3A2%3A200%3A3%3A200%3A4%3A200%3A%7CMGL%7C13%3B5%3B1%3A200%3A2%3A200%3A3%3A200%3A4%3A200%3A5%3A200%3A%7CAC12%7C12%3B6%3B1%3A200%3A2%3A200%3A3%3A200%3A4%3A200%3A5%3A200%3A6%3A200%3A7%3A200%3A8%3A200%3A%7CSound%20Breaker%7C16%3B6%3B1%3A200%3A2%3A200%3A3%3A200%3A4%3A200%3A5%3A200%3A6%3A200%3A%7CSniper%7C17%3B0%3B%7C</string>
    <int name="idGunSale" value="0" />
    <int name="GunTrialSkin" value="0" />
    <int name="IsG5FriendFb" value="0" />
    <int name="trk_totalGrenades" value="0" />
    <string name="ABTestingTypes">A%3BA%3BB%3B</string>
    <int name="dayGetFreeFB" value="2574" />
    <int name="NumberOf100Pack" value="0" />
    <string name="numOfFreeSpin">1%7C1%7C1%7C</string>
    <int name="langUse2" value="1" />
    <string name="localTimeStartDailyPacks"></string>
    <int name="IsReqLoginFB" value="0" />
    <string name="inventoryBoostItemTrialTime"></string>
    <int name="detected_abc" value="1" />
    <string name="lastTimeOpenSpecialPack">0</string>
    <int name="trk_totalAidKits" value="0" />
    <int name="isShowingPromoPack" value="1" />
    <int name="noel2017IsPaidUser" value="0" />
    <int name="DailyRecallRewardLevel" value="0" />
    <int name="CMPlayableCounter" value="1" />
    <int name="trk_totalGrenadesUsed" value="7" />
    <int name="MissionTrialId" value="0" />
    <int name="playFreeSpinTime" value="3" />
    <int name="RemainTimeOfPlayEndless" value="1" />
    <int name="isReceiveGoldLiked" value="0" />
    <int name="firstTimePlayAR" value="1" />
    <int name="trk_totalSessionPerDay" value="9" />
    <string name="currAchievementActive">1%3AFalse%7C2%3AFalse%7C5%3AFalse%7C7%3AFalse%7C9%3AFalse%7C10%3AFalse%7C12%3AFalse%7C13%3AFalse%7C14%3AFalse%7C15%3AFalse%7C16%3AFalse%7C17%3AFalse%7C18%3AFalse%7C21%3AFalse%7C20%3AFalse%7C22%3AFalse%7C23%3AFalse%7C24%3AFalse%7C102%3AFalse%7C101%3AFalse%7C109%3AFalse%7C104%3AFalse%7C103%3AFalse%7C107%3AFalse%7C110%3AFalse%7C105%3AFalse%7C115%3AFalse%7C111%3AFalse%7C114%3AFalse%7C108%3AFalse%7C113%3AFalse%7C112%3AFalse%7C116%3AFalse%7C</string>
    <int name="trk_totalMainMissionPlayedCounter" value="0" />
    <int name="CMBoughtChallengeTurnCounterPerDay" value="0" />
    <int name="CMPlayedPerDayCounter" value="0" />
    <int name="trk_totalCompletedDailyQuest" value="0" />
    <string name="listAchievementId"></string>
    <int name="playingTimeInDay" value="0" />
</map>
